--
-- Script was generated by Devart dbForge Studio 2019 for MySQL, Version 8.2.23.0
-- Product home page: http://www.devart.com/dbforge/mysql/studio
-- Script date 12.07.2021 23:42:06
-- Server version: 5.7.33-log
-- Client version: 4.1
--

-- 
-- Disable foreign keys
-- 
/*!40014 SET @OLD_FOREIGN_KEY_CHECKS=@@FOREIGN_KEY_CHECKS, FOREIGN_KEY_CHECKS=0 */;

-- 
-- Set SQL mode
-- 
/*!40101 SET @OLD_SQL_MODE=@@SQL_MODE, SQL_MODE='NO_AUTO_VALUE_ON_ZERO' */;

-- 
-- Set character set the client will use to send SQL statements to the server
--
SET NAMES 'utf8';

DROP DATABASE IF EXISTS practice;

CREATE DATABASE practice
CHARACTER SET utf8
COLLATE utf8_general_ci;

--
-- Set default database
--
USE practice;

--
-- Create table `grindingmethod`
--
CREATE TABLE grindingmethod (
  GMID int(11) NOT NULL AUTO_INCREMENT,
  Name text DEFAULT NULL,
  PRIMARY KEY (GMID)
)
ENGINE = INNODB,
AUTO_INCREMENT = 6,
AVG_ROW_LENGTH = 3276,
CHARACTER SET utf8,
COLLATE utf8_general_ci;

--
-- Create table `engineeringtype`
--
CREATE TABLE engineeringtype (
  EnTypeID int(11) NOT NULL AUTO_INCREMENT,
  Name text DEFAULT NULL,
  PRIMARY KEY (EnTypeID)
)
ENGINE = INNODB,
AUTO_INCREMENT = 6,
AVG_ROW_LENGTH = 3276,
CHARACTER SET utf8,
COLLATE utf8_general_ci;

--
-- Create table `characteristics`
--
CREATE TABLE characteristics (
  CharacteristicsID int(11) NOT NULL AUTO_INCREMENT,
  Perfomance double DEFAULT NULL,
  EnginePower double DEFAULT NULL,
  InputSize double DEFAULT NULL,
  OutputSize double DEFAULT NULL,
  Weight double DEFAULT NULL,
  GMID int(11) DEFAULT NULL,
  EnTypeID int(11) DEFAULT NULL,
  PRIMARY KEY (CharacteristicsID)
)
ENGINE = INNODB,
AUTO_INCREMENT = 16,
AVG_ROW_LENGTH = 1170,
CHARACTER SET utf8,
COLLATE utf8_general_ci;

--
-- Create index `IX_Relationship6` on table `characteristics`
--
ALTER TABLE characteristics
ADD INDEX IX_Relationship6 (GMID);

--
-- Create index `IX_Relationship7` on table `characteristics`
--
ALTER TABLE characteristics
ADD INDEX IX_Relationship7 (EnTypeID);

--
-- Create foreign key
--
ALTER TABLE characteristics
ADD CONSTRAINT Relationship6 FOREIGN KEY (GMID)
REFERENCES grindingmethod (GMID);

--
-- Create foreign key
--
ALTER TABLE characteristics
ADD CONSTRAINT Relationship7 FOREIGN KEY (EnTypeID)
REFERENCES engineeringtype (EnTypeID);

--
-- Create table `engineering`
--
CREATE TABLE engineering (
  EnID int(11) NOT NULL AUTO_INCREMENT,
  Name text DEFAULT NULL,
  Cost decimal(19, 2) DEFAULT NULL,
  CharacteristicsID int(11) DEFAULT NULL,
  PRIMARY KEY (EnID)
)
ENGINE = INNODB,
AUTO_INCREMENT = 16,
AVG_ROW_LENGTH = 1489,
CHARACTER SET utf8,
COLLATE utf8_general_ci;

--
-- Create index `IX_Relationship5` on table `engineering`
--
ALTER TABLE engineering
ADD INDEX IX_Relationship5 (CharacteristicsID);

--
-- Create foreign key
--
ALTER TABLE engineering
ADD CONSTRAINT Relationship5 FOREIGN KEY (CharacteristicsID)
REFERENCES characteristics (CharacteristicsID);

--
-- Create table `material`
--
CREATE TABLE material (
  MatID int(11) NOT NULL AUTO_INCREMENT,
  Name text DEFAULT NULL,
  BreakingPointMin double DEFAULT NULL,
  BreakingPointMax double DEFAULT NULL,
  PRIMARY KEY (MatID)
)
ENGINE = INNODB,
AUTO_INCREMENT = 17,
AVG_ROW_LENGTH = 1024,
CHARACTER SET utf8,
COLLATE utf8_general_ci;

--
-- Create table `process`
--
CREATE TABLE process (
  EnID int(11) NOT NULL,
  MatID int(11) NOT NULL,
  Abiity tinyint(1) DEFAULT NULL,
  PRIMARY KEY (EnID, MatID)
)
ENGINE = INNODB,
AVG_ROW_LENGTH = 93,
CHARACTER SET utf8,
COLLATE utf8_general_ci;

--
-- Create foreign key
--
ALTER TABLE process
ADD CONSTRAINT Relationship1 FOREIGN KEY (EnID)
REFERENCES engineering (EnID);

--
-- Create foreign key
--
ALTER TABLE process
ADD CONSTRAINT Relationship2 FOREIGN KEY (MatID)
REFERENCES material (MatID);

-- 
-- Dumping data for table grindingmethod
--
INSERT INTO grindingmethod VALUES
(1, 'Давление'),
(2, 'Истирание'),
(3, 'Раскалывание'),
(4, 'Раздавливание'),
(5, 'Соударение');

-- 
-- Dumping data for table engineeringtype
--
INSERT INTO engineeringtype VALUES
(1, 'Щековая дробилка'),
(2, 'Конусная дробилка'),
(3, 'Валковая дробилка'),
(4, 'Молотковая дробилка'),
(5, 'Центробежная дробилка');

-- 
-- Dumping data for table characteristics
--
INSERT INTO characteristics VALUES
(1, 0.2, 1.1, 40, 79, 79, 1, 1),
(2, 0.2, 1.5, 90, 300, 300, 1, 1),
(3, 0.4, 15, 260, 6, 1350, 1, 1),
(4, 0.6, 11, 20, 2, 1300, 2, 2),
(5, 10, 75, 50, 5, 8300, 2, 2),
(6, 20, 15, 150, 25, 1510, 4, 3),
(7, 40, 19, 350, 11, 4260, 4, 3),
(8, 6.2, 22, 100, 2, 750, 3, 4),
(9, 5, 7.5, 40, 5, 170, 3, 4),
(10, 24, 60, 20, 2, 3000, 5, 5),
(11, 200, 300, 80, 2, 14000, 5, 5),

-- 
-- Dumping data for table material
--
INSERT INTO material VALUES
(1, 'Горные породы', 25, 1500),
(2, 'Железные руды', 80, 140),
(3, 'Древесина', 5, 50),
(4, 'Полимеры', 150, 300),
(5, 'Строительные материалы', 2, 200),
(6, 'Мрамор', 165, 165),
(7, 'СтеклоГипс', 2, 25),
(8, 'Уголь', 0.2, 20),
(9, 'Стекло', 500, 1000),
(10, 'Пищевые продукты', 0.1, 3),
(11, 'Абразивные материалы', 1800, 2500),
(12, 'Граниты', 250, 320),
(13, 'Известняки', 0.4, 200),
(14, 'Сталь', 380, 450),
(15, 'Железо', 270, 280),
(16, 'Бетон', 10, 60);

-- 
-- Dumping data for table engineering
--
INSERT INTO engineering VALUES
(1, 'BB 50', 29998.00, 1),
(2, 'ВВ 200', 59997.00, 2),
(3, 'ВВ 600', 125000.00, 3),
(4, 'КИД-300', 200000.00, 4),
(5, 'КИД-600', 675000.00, 5),
(6, 'ДВЗ 2M', 595000.00, 6),
(7, 'ДВЗ 2L-11', 862000.00, 7),
(8, 'МД 5Х5', 125300.00, 8),
(9, 'ДПМ 7,5', 120000.00, 9),
(10, 'ДЦ-0,63', 1290000.00, 10),
(11, 'ДЦ-1,6М', 8742000.00, 11);

-- 
-- Dumping data for table process
--
INSERT INTO process VALUES
(1, 1, 1),
(1, 2, 1),
(1, 3, 0),
(1, 4, 0),
(1, 5, 0),
(1, 6, 1),
(1, 7, 1),
(1, 8, 1),
(1, 9, 0),
(1, 10, 0),
(1, 11, 0),
(1, 12, 1),
(1, 13, 1),
(1, 14, 0),
(1, 15, 0),
(1, 16, 1),
(2, 1, 1),
(2, 2, 1),
(2, 3, 0),
(2, 4, 0),
(2, 5, 0),
(2, 6, 1),
(2, 7, 1),
(2, 8, 1),
(2, 9, 0),
(2, 10, 0),
(2, 11, 0),
(2, 12, 1),
(2, 13, 1),
(2, 14, 0),
(2, 15, 1),
(2, 16, 1),
(3, 1, 1),
(3, 2, 1),
(3, 3, 0),
(3, 4, 0),
(3, 5, 0),
(3, 6, 1),
(3, 7, 1),
(3, 8, 1),
(3, 9, 0),
(3, 10, 0),
(3, 11, 0),
(3, 12, 1),
(3, 13, 1),
(3, 14, 0),
(3, 15, 1),
(3, 16, 1),
(4, 1, 1),
(4, 2, 1),
(4, 3, 0),
(4, 4, 0),
(4, 5, 0),
(4, 6, 0),
(4, 7, 0),
(4, 8, 1),
(4, 9, 0),
(4, 10, 0),
(4, 11, 0),
(4, 12, 1),
(4, 13, 1),
(4, 14, 0),
(4, 15, 0),
(4, 16, 1),
(5, 1, 1),
(5, 2, 1),
(5, 3, 0),
(5, 4, 0),
(5, 5, 0),
(5, 6, 0),
(5, 7, 0),
(5, 8, 1),
(5, 9, 0),
(5, 10, 0),
(5, 11, 0),
(5, 12, 1),
(5, 13, 1),
(5, 14, 0),
(5, 15, 0),
(5, 16, 1),
(6, 1, 1),
(6, 2, 1),
(6, 3, 0),
(6, 4, 1),
(6, 5, 1),
(6, 6, 1),
(6, 7, 1),
(6, 8, 1),
(6, 9, 1),
(6, 10, 0),
(6, 11, 0),
(6, 12, 0),
(6, 13, 1),
(6, 14, 0),
(6, 15, 0),
(6, 16, 1),
(7, 1, 1),
(7, 2, 1),
(7, 3, 0),
(7, 4, 1),
(7, 5, 1),
(7, 6, 1),
(7, 7, 1),
(7, 8, 1),
(7, 9, 1),
(7, 10, 0),
(7, 11, 0),
(7, 12, 0),
(7, 13, 1),
(7, 14, 0),
(7, 15, 0),
(7, 16, 1),
(8, 1, 0),
(8, 2, 0),
(8, 3, 1),
(8, 4, 0),
(8, 5, 0),
(8, 6, 0),
(8, 7, 0),
(8, 8, 0),
(8, 9, 0),
(8, 10, 1),
(8, 11, 0),
(8, 12, 0),
(8, 13, 0),
(8, 14, 0),
(8, 15, 0),
(8, 16, 0),
(9, 1, 0),
(9, 2, 0),
(9, 3, 1),
(9, 4, 0),
(9, 5, 0),
(9, 6, 0),
(9, 7, 0),
(9, 8, 0),
(9, 9, 0),
(9, 10, 1),
(9, 11, 0),
(9, 12, 0),
(9, 13, 0),
(9, 14, 0),
(9, 15, 0),
(9, 16, 0),
(10, 1, 1),
(10, 2, 1),
(10, 3, 0),
(10, 4, 0),
(10, 5, 0),
(10, 6, 1),
(10, 7, 1),
(10, 8, 1),
(10, 9, 1),
(10, 10, 0),
(10, 11, 1),
(10, 12, 1),
(10, 13, 1),
(10, 14, 1),
(10, 15, 1),
(10, 16, 1),
(11, 1, 1),
(11, 2, 1),
(11, 3, 0),
(11, 4, 0),
(11, 5, 0),
(11, 6, 1),
(11, 7, 1),
(11, 8, 1),
(11, 9, 1),
(11, 10, 0),
(11, 11, 1),
(11, 12, 1),
(11, 13, 1),
(11, 14, 1),
(11, 15, 1),
(11, 16, 1);

-- 
-- Restore previous SQL mode
-- 
/*!40101 SET SQL_MODE=@OLD_SQL_MODE */;

-- 
-- Enable foreign keys
-- 
/*!40014 SET FOREIGN_KEY_CHECKS = @OLD_FOREIGN_KEY_CHECKS */;